ID,Recipe

// META: ðŸ’³ we want to have recipes affect available recipes, so each recipe is itself an inventory item and can be limited in use
// e.g. ID_Stock_Item, ðŸ’³ => ðŸŒ±ðŸ’œðŸ’³% ðŸŒ±ðŸ¥•ðŸ’³% ðŸŒ±â¤ðŸ’³% ðŸŒ±ðŸ¥¬ðŸ’³% ðŸŒ±ðŸ’šðŸ’³% ðŸŒ±ðŸ¤ðŸ’³% ðŸŒ±ðŸŽƒðŸ’³% ðŸŒ±ðŸ¥”ðŸ’³% ðŸŒ±ðŸ’ðŸ’³% ðŸŒ±ðŸŒ»ðŸ’³% ðŸŒ±ðŸŒ¾ðŸ’³% ðŸ¤ŽðŸ’³% ðŸ¥ŒðŸ’³%
// we want Menus to be represented as recipes, so we can have a menu of menus
// navigation:  so long as it loops, who cares. loop through a list === set union
// eventually we want to associate clicks and inputs with actions, giving each a time cost (at which point list navigation order matters)
// Max/min: Min: 0 naturally set.  Max: set as default resource quantity, trade potential for actual

// STRATEGIES:
// - if a resource has only one demanding it, then no-brainer to use it
// - diversity, try out all resources
// - greedy on ðŸ’°, ðŸ’§ etc (liquidity?)
// - backwards calculation from goal
// - back + forward calculation, look for middle meeting points
// - assume maximum resources, find all shortest paths, then remove resource assumptions til starting point is found 
// - combine branching paths by looking at common resource requirements with high priority (e.g. all need ðŸ’°)
// - shorten recipe paths into a single recipe, always compute just one step
// - trim recipes one at a time, generating possibilities (as new 2-step recipes) then remove it from set

// META RULES:
// ID_ADD, ðŸŸ© ðŸŸ© => ðŸŸ©2 // add two of same resource
// ID_OR, ðŸŸ¥ => ðŸ”´ | â­• // map to one of many resource options
// ID_OR_1 => ðŸŸ¥ => ðŸ”´ // implicit form of ID_OR option 1
// ID_OR_2 => ðŸŸ¥ => â­• // implicit form of ID_OR option 2
// ID_AND, ðŸŸ¨ ðŸŸ¦ => ðŸŸ© // combine multiple resources to a new one requiring both
// ID_VARIABLE, ðŸŸ©*ðŸŸ¥ ===  ðŸŸ©ðŸŸ¥ => ðŸŸ©ðŸ”´ | ðŸŸ©â­• // shorthand for multiple recipes (note is this multiplication?) 
// ID_VARIABLE_1 => ðŸŸ©ðŸŸ¥ => ðŸŸ©ðŸ”´ // implicit form of ID_MULT option 1
// ID_VARIABLE_1 => ðŸŸ©ðŸŸ¥ => ðŸŸ©â­• // implicit form of ID_MULT option 2
// ID_MULI_VAR => ðŸŸ©*ðŸŸ¥*ðŸŸ¥  === ðŸŸ©ðŸŸ¥ðŸŸ¥ => ðŸŸ©ðŸ”´ðŸ”´ | ðŸŸ©ðŸ”´â­• | ðŸŸ©â­•ðŸ”´ | ðŸŸ©â­•â­• // multi var
// ID_ZERO, ðŸŸ©0 => // zero a resource to remove it
// ID_ONE, ðŸŸ© => ðŸŸ©1 // implicit always able to add a resource
// ID_REQUIREMENT ðŸŸ©2 => ðŸŸ©2 ðŸŸ¦ // require at least n of a resource to produce something else
// ID_RANGE, ðŸŸ¨ => ðŸŸ©0-5 // probabilistic range of resources (uniform)
// ID_TRIANGULAR_RANGE_NEGATIVE, ðŸŸ¨ ðŸŸ©0-5 => ðŸŸ©0-5 // probabilistic range of resources cost/reward (triangular distribution)
// ID_TRIANGULAR_RANGE_POSITIVE, ðŸŸ¨ => ðŸŸ©0-5 ðŸŸ©0-5 // probabilistic range of resources reward (triangular distribution)
// ID_NORMAL_RANGE, ðŸŸ¨ ðŸŸ©0-3Ïƒ-5 // probabilistic normal range (z=3 standard deviations Ïƒ, 99.7% coverage between 0-5)
// ID_NORMAL_RANGE_STANDARD, ðŸŸ¨ => ðŸŸ©0-Ïƒ-5 // probabilistic normal range (z=1 standard deviation Ïƒ, mean (min+max)/2 68% coverage between 0-5)
// ID_RANGE_NORMAL_APPROX, ðŸŸ¨M => ðŸŸ©min-ZÏƒ-M*max // mean = M*(max+min)/2  Ïƒ = sqrt(M*(max-min)^2/12)   z_min = -sqrt(3)*M*(M*(max + min) - 2*min)/sqrt(M*(max - min)**2)  (complicated but its a constant time approx, sufficiently accurate when M > 30)
// ID_CHANCE_50_50, ðŸŸ¨ => ðŸŸ©% ðŸŸ¦% // probabilistic chance of a resource (50% chance of 1 resource)
// ID_CHANCE_30, ðŸŸ¨ => ðŸŸ©%30 // 30% chance of 1 resource, (70% of nothing)
// ID_CHANCE_30_70, ðŸŸ¨ => ðŸŸ©%70 ðŸŸ¦%30 // 70% chance of one resource, 30% of the other resource
// ID_ALL, ðŸŸ¨X => ðŸŸ© // uses ALL resources to produce (valid with 0+)
// ID_ALL_MIN, ðŸŸ¨X ðŸŸ¨2 => ðŸŸ© // uses ALL resources to produce (valid with 2+)
// ID_ALL_BUT, ðŸŸ¨X => ðŸŸ¨2 ðŸŸ© // uses ALL resources to produce (valid with 0+), leaves 2 behind
// ID_MAX, ðŸŸ¨X ðŸŸ¨100 => ðŸŸ¨100 // eats anything above 100 (relies on being applied tho...)

// FUCK YEAH WE CRACKED TIME (TIME == MODE, or MEMORY):
// ID_MODE: 
// ID_GROW, ðŸŒž ðŸŒ± => ðŸŒž ðŸŒžðŸŒ± // apply time to an item (PACK).  need one of these for every recipe that grows
// ID_HARVEST, ðŸŒ› ðŸŒžðŸŒ±  => ðŸŒ› ðŸŒ³ // (UNPACK). need one of these for every recipe that harvests!
// ID_DUSK, ðŸŒž => ðŸŒ› // â° to actually add cost of days
// ID_DAWN, ðŸŒ› â° => ðŸŒž // â° to actually add cost of new days
// ID_DAY_USED (TIME COST EXAMPLE), ðŸŒž ðŸŒ± => ðŸŒ› ðŸŒ³ (actual valid, cuz it's possible steps), ðŸŒž ðŸŒ± => ðŸŒž ðŸŒžðŸŒ±, ðŸŒž => ðŸŒ›, ðŸŒ› ðŸŒžðŸŒ±  => ðŸŒ› ðŸŒ³
  // DAY'S GROWTH (only applied to a single recipe here, but could be baked this way for any # of them)
  // but then.... ðŸŒž ðŸŒ± => ðŸŒ› ðŸŒ³, ðŸŒ› â° => ðŸŒž also valid, so...  â° ðŸŒž ðŸŒ± => ðŸŒž ðŸŒ³ valid... which kinda works because it means you spent the whole day (time) doing that
// ID_2_DAY_USED, â°2 ðŸŒž ðŸŒ± => ðŸŒž ðŸŒ³ // time cost example.  net effect, waste 2 days just to grow a tree
  // ID_GROW, ðŸŒž ðŸŒ± => ðŸŒžðŸŒ±
  // ID_HARVEST, ðŸŒ› ðŸŒžðŸŒ± => ðŸŒ› ðŸŒ³ 
  // ID_GROW2, ðŸŒž ðŸŒ³ => ðŸŒž ðŸŒžðŸ‚ðŸŒ³
  // ID_HARVEST2, ðŸŒ› ðŸŒžðŸ‚ðŸŒ³ => ðŸŒ› ðŸ‚ðŸŒ³  // this sucks.  would mean 2*n intermediate unique recipes for n length
  // ATTEMPT2:  what about.... ðŸŒ› ðŸŒžðŸ‚ðŸŒ³ => ðŸŒ› ðŸ‚ðŸŒ³
  // ID_PLANT, ðŸŒž ðŸŒ± => ðŸŒžðŸŒ±
  // ...generalized process where anything with leading ðŸŒž just keeps growing (prepending ðŸŒž) until its harvested
  // ID_HARVEST_GENERAL, ðŸŒ› ðŸŒž*ðŸŽ => ðŸŒ› ðŸŒ›ðŸŒž*ðŸŽ  e.g. ðŸŒ› ðŸŒžðŸŒ± => ðŸŒ› ðŸŒ›ðŸŒžðŸŒ±
  // ID_GROW_GENERAL, ðŸŒž ðŸŒ›*ðŸŽ => ðŸŒž ðŸŒžðŸŒ›*ðŸŽ, e.g. ðŸŒž ðŸŒ›ðŸŒžðŸŒ± => ðŸŒž ðŸŒžðŸŒ›ðŸŒžðŸŒ± // not sure these would work, cuz cant have ðŸŽ include ðŸŒž prepended stuff
  // ID_HARVEST2, ðŸŒž ðŸŒžðŸŒ›ðŸŒžðŸŒ± => ðŸŒ› ðŸ‚ðŸŒ³ // manual, means 2 days of growth 
  // best we can do so far.... "automated" but ugly with very long recipe ids
  // I GIVE UP.  Maybe just have to make a custom time cost for things that are really old if you dont want to do intermediate step recipes
  // i.e. skip through the whole thing by producing â°ðŸŒ³ directly every night, require â°ðŸŒ³100 => ðŸŒ³
  // maybe grow step to plant seed, then grow adds time, then time min to harvest
  // problem is time needs to be 1 PER item, so cant have two trees growing 50 years to make â°ðŸŒ³100.  time is a mode/path/pattern not quantity.


ID_Welcome_Menu, ðŸ‘‹ðŸ“ => ðŸ’«ðŸ“ | â­ðŸ“ | âš™ðŸ“ | âŒðŸ“ // new game, continue, settings, quit
ID_New_Game_Menu, ðŸ’«ðŸ“ => ðŸ’šðŸ’« | ðŸ’›ðŸ’« | ðŸ§¡ðŸ’« | ðŸ‘‹ðŸ“  // easy, medium, hard, back 
ID_New_Game_Easy, ðŸ’šðŸ’« => ðŸ’« // TODO: modify these to set different starting resources and goals
ID_New_Game_Medium, ðŸ’›ðŸ’« => ðŸ’«
ID_New_Game_Hard, ðŸ§¡ðŸ’« => ðŸ’«
ID_Continue_Menu, â­ðŸ“ => ðŸ’«ðŸ“ // TODO capture intricacies of continue, quit, etc
ID_Settings_Menu, âš™ðŸ“ => ðŸŽµðŸ“ | ðŸ‘‚ðŸ“ | ðŸ‘‹ðŸ“
ID_BGM_Menu, ðŸŽµðŸ“ => ðŸ”‰ðŸŽµðŸ“ | ðŸ”ŠðŸŽµðŸ“ | ðŸ‘‹ðŸ“
ID_BGM_Volume_Up, ðŸ”‰ðŸŽµðŸ“ â¬†ðŸŽµ5 => ðŸŽµðŸ“ ðŸŽµ5  // trade 5 max music for 5 actual music
ID_BGM_Volume_Down, ðŸ”ŠðŸŽµðŸ“ ðŸŽµ5 => ðŸŽµðŸ“ â¬†ðŸŽµ5
ID_SFX_Menu, ðŸ‘‚ðŸ“ => ðŸ”‰ðŸ‘‚ðŸ“ | ðŸ”ŠðŸ‘‚ðŸ“ | ðŸ‘‹ðŸ“
ID_SFX_Volume_Up, ðŸ”‰ðŸ‘‚ðŸ“ â¬†ðŸ‘‚5 => ðŸ‘‚ðŸ“ ðŸ‘‚5
ID_SFX_Volume_Down, ðŸ”ŠðŸ‘‚ðŸ“ ðŸ‘‚5 => ðŸ‘‚ðŸ“ â¬†ðŸ‘‚5
ID_Quit_Menu, âŒðŸ“ =>  // TODO do actual quit as game end

// TODO add click costs to all things which have it (time)
// TODO model in game menu (8 tool slots, inventory slots, shop/build/crafting menus, etc
// TODO model recipe acquisition (e.g. buy recipe, find recipe, etc) to menu navigation (already done with shop)
// recipe use is basically just one additional variable on both sides of each recipe (the recipe itself)
// - unless one-time recipe in which case it's spent

// META:  AI MTSC of this needs to maintain a memory (what gets fed into context of each LLM search).  This is itself an inventory (which can be a set of recipes)
// - e.g. it should know all menus and available options, 
// - its current inventory relevant to current choices
// - what it remembers of second-order information like prices/recipes stuff, upcoming choices, etc
// these have to be genetically-set, i.e. they're part of what makes a node unique and determines reward.  they are a subset of total information.  
// - there is a hard max (that's hard to gauge), but also a performance max (less info is better)
// - the AI should be able to learn to ignore certain things (e.g. if it's not using a tool, it should ignore it)
// this stuff only needs to be done during exploration phase, otherwise it goes with best so far
// order matters though... probably.  for feeding to AI. hurts ability to represent efficiently tho
// memory should be an inventory. recipes can be resources.
// - do we want the system to be able to add/remove recipes from memory?  if so, then we can store current inventory as a recipe itself

// META REWARDS: think about whether rewards should be the same for outcome as outcome + intent...

// IDEA: we only care about player choices.  the rest are auto-expanded possibilities
// so limit to just the list of things player can interact with and their perceived effects

// Interactions:
// menu (main, ESC, tabs)
// tools => world (trees, bushes, ground, water, rocks, etc)
// items => locations (organize)
// items => sell
// shop buy items
// roll, lock shop
// mouseover info
// build menu
// upgrade menu
// next day
// ID_Use_Item, âœ‹ðŸŽ 


// ID_Player_Actions, âœ‹ => âœ‹âš’ | ...
  // ID_Use_Tool, âœ‹âš’ => âœ‹*âš’ // TODO modify tool recipes to require user input
    // each tool is an option
  

  // use item (bake, ferment, preserve, plant seed, place animal, windmill/loom/seedmaker/cheese/mayo/etc)
  // craft upgrades, bottles, jars
  // craft and place building
  // choose feat,
  // end day
  // buy item
  // sell item
  // roll shop, lock shop
  // organize inventory

  // strategy = recipe randomly selecting between strategies best (weights)
  // some % exploit optimal, some % explore

// AI Discovery
// You are playing a game and discovering the rules as you go.  Most of this is mapping out the graph of state transitions.
// These usually take the form of a change in location or a change in inventory.  We are interested in recording these changes as simply as possible.
// We use the following example format, picking the most relevant state name for each causal state transition.

First_Start => Start_App + BGM_Volume * 100 + SFX_Volume * 100 + Player_Input*1000
Start_App => Start_Menu

Start_Menu => New_Game | Continue | Settings | Quit
Player_Input => Click | Click_RMB | Press_ESC // Note: mouse movements are a free action

New_Game + Click => Easy | Medium | Hard | Back
Continue + Click + Game_Saved => Start_Game + Game_Saved // only has an action if game is saved
Settings + Click => BGM_Volume_Menu | SFX_Volume_Menu | Back
Quit => Close_App

Easy => Start_Game
Medium => Start_Game
Hard => Start_Game
Back => Start_Menu

BGM_Volume_Menu + Click + BGM_Volume_Max * 5 => BGM_Volume * 5 + Settings_Menu // creates 5 BGM_Volume ticks (losing max potential)
BGM_Volume_Menu + BGM_Volume * 5 + Click_RMB => BGM_Volume_Max * 5 + Settings_Menu // removes 5 BGM_Volume ticks (gaining max potential)
SFX_Menu + Click + SFX_Volume_Max * 5 => SFX_Volume * 5 + Settings_Menu
SFX_Menu + SFX_Volume * 5 + Click_RMB => SFX_Volume_Max * 5 + Settings_Menu

Close_App => Start_App // we ignore non-app environments for now

Start_Game => World + World_Screen + Debt + Monday + Starting_Tools

// ID_Items, ðŸŽ => âš’ | ðŸŒ„ | ðŸŒâš™ | âš’ðŸ¤ | ðŸ”² | ðŸ™ | â™£ | ðŸŒ± | ðŸˆ | ðŸ§ƒ | ðŸ¥ƒðŸŽ | ðŸ”¥ðŸŽ | ðŸ¤  | ðŸ¦Œ | ðŸ¦ŒðŸŽ 
// ID_Tools, âš’ => ðŸª“ | â› | ðŸ”° | â™  | ðŸš¿ | ðŸŽ£ | ðŸ”¨
  // ID_Axes, ðŸª“ => ðŸª“ðŸ¥Œ | ðŸª“ðŸ¥‰ | ðŸª“ðŸ¥ˆ | ðŸª“ðŸ¥‡
  // ID_Pickaxes, â› => â›ðŸ¥Œ | â›ðŸ¥‰ | â›ðŸ¥ˆ | â›ðŸ¥‡
  // ID_Hoes, ðŸ”° => ðŸ”°ðŸ¥Œ | ðŸ”°ðŸ¥‰ | ðŸ”°ðŸ¥ˆ | ðŸ”°ðŸ¥‡
  // ID_Shovels, â™  => â™ ðŸ¥Œ | â™ ðŸ¥‰ | â™ ðŸ¥ˆ | â™ ðŸ¥‡
  // ID_Watering_Cans, ðŸš¿ => ðŸš¿ðŸ¥Œ | ðŸš¿ðŸ¥‰ | ðŸš¿ðŸ¥ˆ | ðŸš¿ðŸ¥‡
  // ID_Fishing_Rods, ðŸŽ£ => ðŸŽ£ðŸ¥Œ | ðŸŽ£ðŸ¥‰ | ðŸŽ£ðŸ¥ˆ | ðŸŽ£ðŸ¥‡
  // ID_Hammers, ðŸ”¨ => ðŸ”¨ðŸ¥Œ | ðŸ”¨ðŸ¥‰ | ðŸ”¨ðŸ¥ˆ | ðŸ”¨ðŸ¥‡
// ID_Environment_Objects, ðŸŒŽ => ðŸŒ³ | ðŸ€ | â›°ï¸
  // ID_Trees, ðŸŒ³ => ðŸŒ³ðŸŒ³ | ðŸŒ³ðŸŽ | ðŸŒ³ðŸŠ
  // ID_Bushes, ðŸ€ => ðŸ€ðŸ€ | ðŸ€ðŸ‡ | ðŸ€ðŸŽ | ðŸ€ðŸŠ
  // ID_Grid_Square, ðŸ”³ => ðŸŸ© | ðŸŸ¨ | ðŸŸ¨ðŸ•³ | ðŸŸ§ | ðŸŸ§ðŸ•³ | âŽ | ðŸŸ¦ | â¹
  // ID_Buildable_Land, â¬œ => ðŸŸ© | ðŸŸ¨ | ðŸŸ§ | âŽ
  // ID_Deposits, â›°ï¸ => ðŸ¤*ðŸŒ„ | â›°ï¸*ðŸŒ„ | ðŸ—»*ðŸŒ„
    // ID_Rock_Deposits, ðŸŒ„ðŸ¥Œ => ðŸ¤ðŸ¥Œ | â›°ï¸ðŸ¥Œ | ðŸ—»ðŸ¥Œ // special case, small medium large stones
    // ID_Coal_Deposits, ðŸŒ„ðŸ–¤ => â›°ï¸ðŸ–¤ | ðŸ—»ðŸ–¤ 
    // ID_Copper_Deposits, ðŸŒ„ðŸ¥‰ => â›°ï¸ðŸ¥‰ | ðŸ—»ðŸ¥‰
    // ID_Iron_Deposits, ðŸŒ„ðŸ¥ˆ => â›°ï¸ðŸ¥ˆ | ðŸ—»ðŸ¥ˆ
    // ID_Gold_Deposits, ðŸŒ„ðŸ¥‡ => â›°ï¸ðŸ¥‡ | ðŸ—»ðŸ¥‡
// ID_Ores, ðŸŒ„ => ðŸ¥Œ | ðŸ¥‰ | ðŸ¥ˆ | ðŸ¥‡ | ðŸ–¤
// ID_Containers, âš’ðŸ¤ => ðŸ¤ðŸ¥ƒ | ðŸ¤ðŸ¼
// ID_Buildings, ðŸ  => âš™ðŸ | âš™ðŸ¥… |  âš™ðŸ¥ƒ | âš™ðŸ§€ | âš™ðŸ§µ | âš™ðŸ§‚ | âš™âž• | âš™ðŸŒ± | âš™ðŸš¿ | âš™ðŸ¤– | âš™ðŸš§
// ID_Ore_Bars, ðŸ”² => ðŸ”²ðŸ¥‰ | ðŸ”²ðŸ¥ˆ | ðŸ”²ðŸ¥‡
// ID_Fish, ðŸ™ => ðŸŸ | ðŸ  | ðŸ¦€ | ðŸ¦ | ðŸ¡ | ðŸ¦ˆ
// ID_Baked_Goods, ðŸ”¥ðŸŽ => ðŸ”² | ðŸ¤ | ðŸž | ðŸ”¥ðŸ¥© | ðŸ”¥ðŸ¥š
  // ID_Baked_Fish, ðŸ”¥ðŸ™ => ðŸ”¥*ðŸ™
// ID_Juices, ðŸ§ƒ => ðŸ§ƒ*ðŸˆ
// ID_Preserves, ðŸ¥ƒ => ðŸ¥ƒâ˜˜ | ðŸ¥ƒðŸ™
  // ID_Vegetable_Preserves, ðŸ¥ƒâ˜˜ => ðŸ¥ƒ*â˜˜ // except wheat  
  // ID_Fish_Preserves, ðŸ¥ƒðŸ™ => ðŸ¥ƒ*ðŸ™
// ID_Vegetables, â™£ => ðŸ’œ | ðŸ¥• | â¤ | ðŸ¥¬ | ðŸ’š | ðŸ¤ | ðŸŽƒ | ðŸ¥” | ðŸ’ | ðŸŒ» | ðŸŒ¾ // todo map out â™£ from recipes
  // ID_Seeds, ðŸŒ± => ðŸŒ±*â™£
// ID_Fruits, ðŸˆ => ðŸŽ | ðŸŠ | ðŸ‡
// ID_Products, ðŸ¤  => ðŸ¯ | ðŸ§€ | ðŸ‘• | ðŸ¥ƒðŸŒ¾ | ðŸ¥ƒðŸ¥š
// ID_Natural_Resources, ðŸŒâš™ => âŒ› | ðŸ¤Ž | ðŸŒ¿ | ðŸ¥Œ
// ID_Animals, ðŸ¦Œ => ðŸ„ | ðŸ” | ðŸ‘ | ðŸ– 
// ID_Animal_Items, ðŸ¦ŒðŸŽ => ðŸ¦Œâš™ | ðŸ¦ŒðŸ¥©
// ID_Animal_Products, ðŸ¦Œâš™ => ðŸ¥› | ðŸ’© | ðŸ„ | ðŸ¥š
// ID_Animal_Butchery_Products, ðŸ¦ŒðŸ¥© => ðŸ¥© | ðŸ® | ðŸ‘ž | ðŸ‚
// ID_Item_Recipes, ðŸ’³ðŸŽ => ðŸ’³*ðŸŽ
// ID_Feats, â­ðŸŽ => â­ðŸ’ª | â­ðŸŽ | â­â› | â­ðŸ„ | â­ðŸ™†â€â™‚ï¸


// ID_Tool_Hit, ðŸŽ¯âš’ => ðŸŽ¯*âš’
// ID_Weekday, â˜€ => â˜€1ï¸âƒ£ | â˜€2ï¸âƒ£ | â˜€3ï¸âƒ£ | â˜€4ï¸âƒ£ | â˜€5ï¸âƒ£ | â˜€6ï¸âƒ£ | â˜€7ï¸âƒ£

ID_Start, ðŸ’« => âœ…1ï¸âƒ£ â˜€1ï¸âƒ£ â¹1296 ðŸ’«âš’
ID_Starting_Tools, ðŸ’«âš’ => ðŸ”° ðŸª“ â› â™  ðŸš¿ ðŸŽ£ ðŸ”¨
ID_Grass_Regrow, ðŸŸ¨ ðŸŒž => ðŸŸ©
ID_Hole_Refill, ðŸ•³ ðŸŒž => ðŸŸ¨
ID_Hole_Refill_Wet, ðŸŸ§ðŸ•³ ðŸŒž => ðŸŸ§

ID_Grid_Spawn,â¹ => ðŸŸ©%24.5 ðŸŸ¦%5 ðŸŒ³%10 ðŸŒ³ðŸŽ%10 ðŸŒ³ðŸŠ%10 ðŸ€%5 ðŸ€ðŸ‡%5 ðŸ€ðŸŽ%5 ðŸ€ðŸŠ%5 â›°ï¸%2 â›°ï¸â›°ï¸%2 â›°ï¸ðŸ–¤%2 â›°ï¸ðŸ¥‰%2 â›°ï¸ðŸ¥ˆ%2 â›°ï¸ðŸ¥‡%1ðŸ—»%2 ðŸ—»ðŸ–¤%2 ðŸ—»ðŸ¥‰%2 ðŸ—»ðŸ¥ˆ%2 ðŸ—»ðŸ¥‡%0.5
ID_Fish_Tick,ðŸŽ£ðŸŽ¯ => ðŸŸ%10 ðŸ %8 ðŸ¡%6 ðŸ¦€%4 ðŸ¦%2 ðŸ¦ˆ%1

ID_Monday,ðŸ’§X âŽX ðŸ’³X â˜€1ï¸âƒ£ ðŸ›’X => â˜€2ï¸âƒ£ ðŸŒž ðŸ’§225 ðŸ›’
ID_Tuesday,ðŸ’§X âŽX ðŸ’³X â˜€2ï¸âƒ£ ðŸ›’X => â˜€3ï¸âƒ£ â­ðŸŽ² ðŸŒž ðŸ’§225 ðŸ›’
ID_Wednesday,ðŸ’§X âŽX ðŸ’³X â˜€3ï¸âƒ£ ðŸ›’X => â˜€4ï¸âƒ£ ðŸŒž ðŸ’§225 ðŸ›’
ID_Thursday,ðŸ’§X âŽX ðŸ’³X â˜€4ï¸âƒ£ ðŸ›’X => â˜€5ï¸âƒ£ ðŸŒž ðŸ’§225 ðŸ›’
ID_Friday,ðŸ’§X âŽX ðŸ’³X â˜€5ï¸âƒ£ ðŸ›’X => â˜€6ï¸âƒ£ ðŸŒž ðŸ’§225 ðŸ›’
ID_Saturday,ðŸ’§X âŽX ðŸ’³X â˜€6ï¸âƒ£ âœ… ðŸ›’X => â˜€7ï¸âƒ£ ðŸŒž ðŸ’§225 ðŸ›’
ID_Sunday,ðŸ’§X âŽX ðŸ’³X â˜€7ï¸âƒ£ ðŸ›’X => â˜€1ï¸âƒ£ ðŸ“… ðŸŒž ðŸ’§225 ðŸ›’

ID_Rent1, âœ…1ï¸âƒ£ ðŸ’°1000 => âœ… âœ…2ï¸âƒ£ 
// ID_Rent_N, âœ…[ðŸ”¢] ðŸ’°2500*2**n => âœ… âœ…[ðŸ”¢+1]
ID_Rent2, âœ…2ï¸âƒ£ ðŸ’°2500 => âœ… âœ…3ï¸âƒ£
ID_Rent3, âœ…3ï¸âƒ£ ðŸ’°5000 => âœ… âœ…4ï¸âƒ£
ID_Rent4, âœ…4ï¸âƒ£ ðŸ’°10000 => âœ… âœ…5ï¸âƒ£
ID_Rent5, âœ…5ï¸âƒ£ ðŸ’°20000 => âœ… âœ…6ï¸âƒ£
ID_Rent6, âœ…6ï¸âƒ£ ðŸ’°40000 => âœ… âœ…7ï¸âƒ£
ID_Rent7, âœ…7ï¸âƒ£ ðŸ’°80000 => âœ… âœ…8ï¸âƒ£
ID_Rent8, âœ…8ï¸âƒ£ ðŸ’°160000 => âœ… âœ…9ï¸âƒ£
ID_Rent9, âœ…9ï¸âƒ£ ðŸ’°320000 => âœ… âœ…ðŸ”Ÿ
ID_Rent10, âœ…ðŸ”Ÿ ðŸ’°640000 => âœ… âœ…ðŸ”Ÿ1ï¸âƒ£
ID_Rent11, âœ…ðŸ”Ÿ1ï¸âƒ£ ðŸ’°1280000 => âœ… âœ…ðŸ”Ÿ2ï¸âƒ£
ID_Rent12, âœ…ðŸ”Ÿ2ï¸âƒ£ ðŸ’°2560000 => âœ… âœ…ðŸ”Ÿ3ï¸âƒ£
ID_Rent13, âœ…ðŸ”Ÿ3ï¸âƒ£ ðŸ’°5120000 => âœ… âœ…ðŸ”Ÿ4ï¸âƒ£
ID_Rent14, âœ…ðŸ”Ÿ4ï¸âƒ£ ðŸ’°10240000 => âœ… âœ…ðŸ”Ÿ5ï¸âƒ£
ID_Rent15, âœ…ðŸ”Ÿ5ï¸âƒ£ ðŸ’°20480000 => âœ… âœ…ðŸ”Ÿ6ï¸âƒ£


ID_Shop_Stock, ðŸ›’ => ðŸ’³8-80


ID_Chop_Axe,ðŸª“ ðŸ’§4 => ðŸª“ ðŸª“ðŸŽ¯ // deprecated for ID_Use_Axe_Stone
// ID_Chop_Axe_Stone,ðŸª“ðŸ¥Œ ðŸ’§4 => ðŸª“ðŸ¥Œ ðŸª“ðŸŽ¯
ID_Chop_Axe_Copper,ðŸª“ðŸ¥‰ ðŸ’§3 => ðŸª“ðŸ¥‰ ðŸª“ðŸŽ¯
ID_Chop_Axe_Iron,ðŸª“ðŸ¥ˆ ðŸ’§2 => ðŸª“ðŸ¥ˆ ðŸª“ðŸŽ¯
ID_Chop_Axe_Gold,ðŸª“ðŸ¥‡ ðŸ’§ => ðŸª“ðŸ¥‡ ðŸª“ðŸŽ¯
ID_Pick_Pickaxe,â› ðŸ’§5 => â› â›ðŸŽ¯
ID_Pick_Pickaxe_Copper,â›ðŸ¥‰ ðŸ’§4 => â›ðŸ¥‰ â›ðŸŽ¯
ID_Pick_Pickaxe_Iron,â›ðŸ¥ˆ ðŸ’§3 => â›ðŸ¥ˆ â›ðŸŽ¯
ID_Pick_Pickaxe_Gold,â›ðŸ¥‡ ðŸ’§2 => â›ðŸ¥‡ â›ðŸŽ¯
ID_Hoe_Grass,ðŸŸ© ðŸ”° ðŸ’§2 => ðŸŸ¨ ðŸ”° ðŸ”°ðŸŽ¯
ID_Hoe_Grass_Copper,ðŸŸ©3 ðŸ”°ðŸ¥‰ ðŸ’§2 => ðŸŸ¨3 ðŸ”°ðŸ¥‰ ðŸ”°ðŸŽ¯3
ID_Hoe_Grass_Iron,ðŸŸ©6 ðŸ”°ðŸ¥ˆ ðŸ’§2 => ðŸŸ¨6 ðŸ”°ðŸ¥ˆ ðŸ”°ðŸŽ¯6
ID_Hoe_Grass_Gold,ðŸŸ©9 ðŸ”°ðŸ¥‡ ðŸ’§2 => ðŸŸ¨9 ðŸ”°ðŸ¥‡ ðŸ”°ðŸŽ¯9
ID_Hoe_Hit,ðŸ”°ðŸŽ¯ => ðŸŒ¿0-1
ID_Shovel_Dirt,ðŸŸ¨ â™  ðŸ’§2 => â™  ðŸ•³ â™ ðŸŽ¯
ID_Shovel_Dirt_Copper,ðŸŸ¨3 â™ ðŸ¥‰ ðŸ’§3 => â™ ðŸ¥‰ ðŸ•³3 â™ ðŸŽ¯3
ID_Shovel_Dirt_Iron,ðŸŸ¨6 â™ ðŸ¥ˆ ðŸ’§ => â™ ðŸ¥ˆ ðŸ•³6 â™ ðŸŽ¯6
ID_Shovel_Dirt_Gold,ðŸŸ¨9 â™ ðŸ¥‡ ðŸ’§2 => â™ ðŸ¥‡ ðŸ•³9 â™ ðŸŽ¯9
ID_Shovel_Wet_Dirt,ðŸŸ§ â™  ðŸ’§2 => â™  ðŸŸ§ðŸ•³ â™ ðŸŽ¯
ID_Shovel_Dirt_Copper,ðŸŸ§3 â™ ðŸ¥‰ ðŸ’§3 => â™ ðŸ¥‰ ðŸŸ§ðŸ•³3 â™ ðŸŽ¯3
ID_Shovel_Dirt_Iron,ðŸŸ§6 â™ ðŸ¥ˆ ðŸ’§ => â™ ðŸ¥ˆ ðŸŸ§ðŸ•³6 â™ ðŸŽ¯6
ID_Shovel_Dirt_Gold,ðŸŸ§9 â™ ðŸ¥‡ ðŸ’§2 => â™ ðŸ¥‡ ðŸŸ§ðŸ•³9 â™ ðŸŽ¯9
ID_Shovel_Hit,â™ ðŸŽ¯ => âŒ›0-1
ID_Water_Dirt,ðŸŸ¨ ðŸš¿ ðŸ’§ => ðŸŸ§ ðŸš¿
ID_Water_Dirt_Copper,ðŸŸ¨3 ðŸš¿ðŸ¥‰ ðŸ’§ => ðŸŸ§3 ðŸš¿ðŸ¥‰
ID_Water_Dirt_Iron,ðŸŸ¨6 ðŸš¿ðŸ¥ˆ ðŸ’§2 => ðŸŸ§6 ðŸš¿ðŸ¥ˆ
ID_Water_Dirt_Gold,ðŸŸ¨9 ðŸš¿ðŸ¥‡ ðŸ’§3 => ðŸŸ§9 ðŸš¿ðŸ¥‡
ID_Water_Hole,ðŸ•³ ðŸš¿ ðŸ’§ => ðŸŸ§ðŸ•³ ðŸš¿
ID_Water_Hole_Copper,ðŸ•³3 ðŸš¿ðŸ¥‰ ðŸ’§ => ðŸŸ§ðŸ•³3 ðŸš¿ðŸ¥‰
ID_Water_Hole_Iron,ðŸ•³6 ðŸš¿ðŸ¥ˆ ðŸ’§2 => ðŸŸ§ðŸ•³6 ðŸš¿ðŸ¥ˆ
ID_Water_Hole_Gold,ðŸ•³9 ðŸš¿ðŸ¥‡ ðŸ’§3 => ðŸŸ§ðŸ•³9 ðŸš¿ðŸ¥‡
ID_Rod_Fish,ðŸŸ¦ ðŸŽ£ ðŸ’§4 => ðŸŽ£ ðŸŸ¦ ðŸŽ£ðŸŽ¯
ID_Rod_Fish_Copper,ðŸŸ¦3 ðŸŽ£ðŸ¥‰ ðŸ’§6 => ðŸŽ£ðŸ¥‰ ðŸŸ¦3 ðŸŽ£ðŸŽ¯3
ID_Rod_Fish_Iron,ðŸŸ¦6 ðŸŽ£ðŸ¥ˆ ðŸ’§3 => ðŸŽ£ðŸ¥ˆ ðŸŸ¦6 ðŸŽ£ðŸŽ¯6
ID_Rod_Fish_Gold,ðŸŸ¦9 ðŸŽ£ðŸ¥‡ ðŸ’§5 => ðŸŽ£ðŸ¥‡ ðŸŸ¦9 ðŸŽ£ðŸŽ¯9
ID_Hammer_Hit,ðŸ”¨ ðŸ’§8 => ðŸ”¨ ðŸ”¨ðŸŽ¯
ID_Hammer_Hit_Copper,ðŸ”¨ðŸ¥‰ ðŸ’§6 => ðŸ”¨ðŸ¥‰ ðŸ”¨ðŸŽ¯
ID_Hammer_Hit_Iron,ðŸ”¨ðŸ¥ˆ ðŸ’§4 => ðŸ”¨ðŸ¥ˆ ðŸ”¨ðŸŽ¯
ID_Hammer_Hit_Gold,ðŸ”¨ðŸ¥‡ ðŸ’§2 => ðŸ”¨ðŸ¥‡ ðŸ”¨ðŸŽ¯

ID_Chop_Tree,ðŸŒ³ ðŸª“ðŸŽ¯3 => ðŸŸ¤ ðŸ¤Ž1-3
ID_Chop_Apple_Tree,ðŸŒ³ðŸŽ ðŸª“ðŸŽ¯3 => ðŸŸ¤ ðŸŽ1-3 ðŸ¤Ž1-3
ID_Chop_Orange_Tree,ðŸŒ³ðŸŠ ðŸª“ðŸŽ¯3 => ðŸŸ¤ ðŸŠ1-3 ðŸ¤Ž1-3
ID_Chop_Stump,ðŸŸ¤ ðŸª“ðŸŽ¯3 => ðŸŸ© ðŸ¤Ž1-3
ID_Chop_Bush,ðŸ€ ðŸª“ðŸŽ¯ => ðŸ¤Ž1-3 ðŸŸ©
ID_Chop_Bush_Apple,ðŸ€ðŸŽ ðŸª“ðŸŽ¯ => ðŸ¤Ž1-3 ðŸŽ0-2 ðŸŸ©
ID_Chop_Bush_Berry,ðŸ€ðŸ‡ ðŸª“ðŸŽ¯ => ðŸ¤Ž1-3 ðŸ‡0-2 ðŸŸ©
ID_Chop_Bush_Orange,ðŸ€ðŸŠ ðŸª“ðŸŽ¯ => ðŸ¤Ž1-3 ðŸŠ0-2 ðŸŸ©
ID_Pick_Stone_Small,â›°ï¸ â›ðŸŽ¯ => ðŸ¥Œ1-3 ðŸŸ©
ID_Pick_Stone,â›°ï¸â›°ï¸ â›ðŸŽ¯2 => ðŸ¥Œ2-4 ðŸŸ©
ID_Pick_Stone_Large,ðŸ—» â›ðŸŽ¯4 => ðŸ¥Œ4-6 ðŸŸ©
ID_Pick_Coal,â›°ï¸ðŸ–¤ â›ðŸŽ¯2 => ðŸ–¤2-4 ðŸŸ©
ID_Pick_Coal_Large,ðŸ—»ðŸ–¤ â›ðŸŽ¯5 => ðŸ–¤4-6 ðŸŸ©
ID_Pick_Copper,â›°ï¸ðŸ¥‰ â›ðŸŽ¯2 => ðŸ¥‰2-4 ðŸŸ©
ID_Pick_Copper_Large,ðŸ—»ðŸ¥‰ â›ðŸŽ¯5 => ðŸ¥‰4-6 ðŸŸ©
ID_Pick_Iron,â›°ï¸ðŸ¥ˆ â›ðŸŽ¯2 => ðŸ¥ˆ2-4 ðŸŸ©
ID_Pick_Iron_Large,ðŸ—»ðŸ¥ˆ â›ðŸŽ¯5 => ðŸ¥ˆ4-6 ðŸŸ©
ID_Pick_Gold,â›°ï¸ðŸ¥‡ â›ðŸŽ¯2 => ðŸ¥‡2-4 ðŸŸ©
ID_Pick_Gold_Large,ðŸ—»ðŸ¥‡ â›ðŸŽ¯5 => ðŸ¥‡4-6 ðŸŸ©


ID_Copper_Hoe,ðŸ”° ðŸ”²ðŸ¥‰ => ðŸ”°ðŸ¥‰
ID_Iron_Hoe,ðŸ”° ðŸ”²ðŸ¥ˆ => ðŸ”°ðŸ¥ˆ
ID_Gold_Hoe,ðŸ”° ðŸ”²ðŸ¥‡ => ðŸ”°ðŸ¥‡
ID_Copper_Shovel,â™  ðŸ”²ðŸ¥‰ => â™ ðŸ¥‰
ID_Iron_Shovel,â™  ðŸ”²ðŸ¥ˆ => â™ ðŸ¥ˆ
ID_Gold_Shovel,â™  ðŸ”²ðŸ¥‡ => â™ ðŸ¥‡
ID_Copper_Axe,ðŸª“ ðŸ”²ðŸ¥‰ => ðŸª“ðŸ¥‰
ID_Iron_Axe,ðŸª“ ðŸ”²ðŸ¥ˆ => ðŸª“ðŸ¥ˆ
ID_Gold_Axe,ðŸª“ ðŸ”²ðŸ¥‡ => ðŸª“ðŸ¥‡
ID_Copper_Pickaxe,â› ðŸ”²ðŸ¥‰ => â›ðŸ¥‰
ID_Iron_Pickaxe,â› ðŸ”²ðŸ¥ˆ => â›ðŸ¥ˆ
ID_Gold_Pickaxe,â› ðŸ”²ðŸ¥‡ => â›ðŸ¥‡
ID_Copper_Watering_Can,ðŸš¿ ðŸ”²ðŸ¥‰ => ðŸš¿ðŸ¥‰
ID_Iron_Watering_Can,ðŸš¿ ðŸ”²ðŸ¥ˆ => ðŸš¿ðŸ¥ˆ
ID_Gold_Watering_Can,ðŸš¿ ðŸ”²ðŸ¥‡ => ðŸš¿ðŸ¥‡
ID_Copper_Fishing_Rod,ðŸŽ£ ðŸ”²ðŸ¥‰ => ðŸŽ£ðŸ¥‰
ID_Iron_Fishing_Rod,ðŸŽ£ ðŸ”²ðŸ¥ˆ => ðŸŽ£ðŸ¥ˆ
ID_Gold_Fishing_Rod,ðŸŽ£ ðŸ”²ðŸ¥‡ => ðŸŽ£ðŸ¥‡
ID_Copper_Hammer,ðŸ”¨ ðŸ”²ðŸ¥‰ => ðŸ”¨ðŸ¥‰
ID_Iron_Hammer,ðŸ”¨ ðŸ”²ðŸ¥ˆ => ðŸ”¨ðŸ¥ˆ
ID_Gold_Hammer,ðŸ”¨ ðŸ”²ðŸ¥‡ => ðŸ”¨ðŸ¥‡

ID_Build_Jar,ðŸ¤ => ðŸ¥ƒ
ID_Build_Bottle,ðŸ¤ => ðŸ¼

ID_Build_Beehive,ðŸŸ© ðŸ¤Ž15 ðŸ”¨ðŸŽ¯3 => ðŸâš™
ID_Build_Fishtrap,ðŸŸ¦ ðŸ¤Ž5 ðŸ‘•2 ðŸ”¨ðŸŽ¯2 => ðŸ¥…âš™
ID_Build_Keg,ðŸŸ© ðŸ¤Ž10 ðŸ”¨ðŸŽ¯2 => ðŸºâš™
ID_Build_Furnace,ðŸŸ© ðŸ¥Œ5 ðŸ”¨ðŸŽ¯2 => ðŸ”¥âš™
ID_Build_Preserves,ðŸŸ© ðŸ¤Ž10 ðŸ”¨ðŸŽ¯2 => ðŸ¥ƒâš™
ID_Build_Cheese_Maker,ðŸŸ©4 ðŸ¥Œ10 ðŸ”²ðŸ¥ˆ2 ðŸ”¨ðŸŽ¯5 => ðŸ§€âš™
ID_Build_Loom,ðŸŸ©6 ðŸ¤Ž10 ðŸ¥Œ5 ðŸ”¨ðŸŽ¯4 => ðŸ§µâš™
ID_Build_Mayonaise_Maker,ðŸŸ©4 ðŸ”²ðŸ¥ˆ2 ðŸ¥‰3 ðŸ”¨ðŸŽ¯4 => ðŸ§‚âš™
ID_Build_Windmill,ðŸŸ© ðŸ¤Ž15 ðŸ¥Œ10 ðŸ”¨ðŸŽ¯8 => âž•
ID_Build_Seed_Machine,ðŸŸ©4 ðŸ¤Ž5 ðŸ”²ðŸ¥ˆ2 ðŸ”¨ðŸŽ¯7 => ðŸŒ±âš™
ID_Build_Sprinkler,ðŸŸ© ðŸ¥Œ3 ðŸ¥‰ ðŸ”¨ðŸŽ¯2 => ðŸš¿âš™
ID_Build_Scarecrow,ðŸŸ© ðŸ¤Ž5 ðŸŒ¿8 ðŸ”¨ðŸŽ¯2 => ðŸ¤–
ID_Build_Fence,ðŸŸ© ðŸ¤Ž2 ðŸ”¨ðŸŽ¯ => ðŸš§

ID_Day_Beehive_Honey,ðŸŒž ðŸ => ðŸ ðŸ¯
ID_Day_Fishtrap_Fish,ðŸŒž ðŸ¥… => ðŸ¥… ðŸŽ£ðŸŽ¯
ID_Day_Cheese,ðŸŒž ðŸ§€âš™ ðŸ¥› => ðŸ§€âš™ ðŸ§€
ID_Day_Loom_Fabric,ðŸŒž ðŸ§µâš™ ðŸ => ðŸ§µâš™ ðŸ‘•
ID_Day_Loom_Hide,ðŸŒž ðŸ§µâš™ ðŸ® => ðŸ§µâš™ ðŸ‘ž
ID_Day_Mayonaise,ðŸŒž ðŸ§‚âš™ ðŸ¥š => ðŸ§‚âš™ ðŸ¥ƒðŸ¥š
ID_Day_Windmill_Flour,ðŸŒž âž• â˜˜ðŸŒ¾ => âž• ðŸ¥ƒðŸŒ¾
ID_Day_Sprinkle,ðŸŒž ðŸš¿âš™ ðŸŸ¨104 => ðŸš¿âš™ ðŸŸ§104 // TODO up to 104 not requirement
ID_Day_Scarecrow,ðŸŒž ðŸ¤– => ðŸ¤– âŽ48

ID_Day_Keg_Apple,ðŸŒž ðŸºâš™ ðŸŽ => ðŸºâš™ ðŸ§ƒðŸŽ
ID_Day_Keg_Berry,ðŸŒž ðŸºâš™ ðŸ‡ => ðŸºâš™ ðŸ§ƒðŸ‡
ID_Day_Keg_Orange,ðŸŒž ðŸºâš™ ðŸŠ => ðŸºâš™ ðŸ§ƒðŸŠ


ID_Day_Preserves_Parsnip,ðŸŒž ðŸ¥ƒâš™ â˜˜ðŸ’œ ðŸ¥ƒ => ðŸ¥ƒâš™ ðŸ¥ƒðŸ’œ
ID_Day_Preserves_Carrot,ðŸŒž ðŸ¥ƒâš™ â˜˜ðŸ¥• ðŸ¥ƒ => ðŸ¥ƒâš™ ðŸ¥ƒðŸ¥•
ID_Day_Preserves_Beetroot,ðŸŒž ðŸ¥ƒâš™ â˜˜â¤ ðŸ¥ƒ => ðŸ¥ƒâš™ ðŸ¥ƒâ¤
ID_Day_Preserves_Cabbage,ðŸŒž ðŸ¥ƒâš™ â˜˜ðŸ¥¬ ðŸ¥ƒ => ðŸ¥ƒâš™ ðŸ¥ƒðŸ¥¬
ID_Day_Preserves_Kale,ðŸŒž ðŸ¥ƒâš™ â˜˜ðŸ’š ðŸ¥ƒ => ðŸ¥ƒâš™ ðŸ¥ƒðŸ’š
ID_Day_Preserves_Cauliflower,ðŸŒž ðŸ¥ƒâš™ â˜˜ðŸ¤ ðŸ¥ƒ => ðŸ¥ƒâš™ ðŸ¥ƒðŸ¤
ID_Day_Preserves_Pumpkin,ðŸŒž ðŸ¥ƒâš™ â˜˜ðŸŽƒ ðŸ¥ƒ => ðŸ¥ƒâš™ ðŸ¥ƒðŸŽƒ
ID_Day_Preserves_Potato,ðŸŒž ðŸ¥ƒâš™ â˜˜ðŸ¥” ðŸ¥ƒ => ðŸ¥ƒâš™ ðŸ¥ƒðŸ¥”
ID_Day_Preserves_Radish,ðŸŒž ðŸ¥ƒâš™ â˜˜ðŸ’ ðŸ¥ƒ => ðŸ¥ƒâš™ ðŸ¥ƒðŸ’
ID_Day_Preserves_Sunflower,ðŸŒž ðŸ¥ƒâš™ â˜˜ðŸŒ» ðŸ¥ƒ => ðŸ¥ƒâš™ ðŸ¥ƒðŸŒ»
ID_Day_Preserves_Fish_Sardine,ðŸŒž ðŸ¥ƒâš™ ðŸŸ ðŸ¥ƒ => ðŸ¥ƒâš™ ðŸ¥ƒðŸŸ
ID_Day_Preserves_Fish_Halibut,ðŸŒž ðŸ¥ƒâš™ ðŸ  ðŸ¥ƒ => ðŸ¥ƒâš™ ðŸ¥ƒðŸ 
ID_Day_Preserves_Fish_Bullhead,ðŸŒž ðŸ¥ƒâš™ ðŸ¡ ðŸ¥ƒ => ðŸ¥ƒâš™ ðŸ¥ƒðŸ¡
ID_Day_Preserves_Fish_Carp,ðŸŒž ðŸ¥ƒâš™ ðŸ¦€ ðŸ¥ƒ => ðŸ¥ƒâš™ ðŸ¥ƒðŸ¦€
ID_Day_Preserves_Fish_Red_Mullet,ðŸŒž ðŸ¥ƒâš™ ðŸ¦ ðŸ¥ƒ => ðŸ¥ƒâš™ ðŸ¥ƒðŸ¦
ID_Day_Preserves_Fish_Sturgeon,ðŸŒž ðŸ¥ƒâš™ ðŸ¦ˆ ðŸ¥ƒ => ðŸ¥ƒâš™ ðŸ¥ƒðŸ¦ˆ

ID_Day_Baked_Copper,ðŸŒž ðŸ”¥âš™ ðŸ–¤ ðŸ¥‰ => ðŸ”¥âš™ ðŸ”²ðŸ¥‰
ID_Day_Baked_Iron,ðŸŒž ðŸ”¥âš™ ðŸ–¤ ðŸ¥ˆ => ðŸ”¥âš™ ðŸ”²ðŸ¥ˆ
ID_Day_Baked_Gold,ðŸŒž ðŸ”¥âš™ ðŸ–¤ ðŸ¥‡ => ðŸ”¥âš™ ðŸ”²ðŸ¥‡
ID_Day_Baked_Glass,ðŸŒž ðŸ”¥âš™ ðŸ–¤ âŒ› => ðŸ”¥âš™ ðŸ¤
ID_Day_Baked_Bread,ðŸŒž ðŸ”¥âš™ ðŸ–¤ ðŸ¥ƒðŸŒ¾ => ðŸ”¥âš™ ðŸž
ID_Day_Baked_Roasted_Meat,ðŸŒž ðŸ”¥âš™ ðŸ–¤ ðŸ¥© => ðŸ”¥âš™ ðŸ”¥ðŸ¥©
ID_Day_Baked_Boiled_Egg,ðŸŒž ðŸ”¥âš™ ðŸ–¤ ðŸ¥š => ðŸ”¥âš™ ðŸ”¥ðŸ¥š

ID_Day_Baked_Fish_Sardine,ðŸŒž ðŸ”¥âš™ ðŸŸ => ðŸ”¥âš™ ðŸ”¥ðŸŸ
ID_Day_Baked_Fish_Halibut,ðŸŒž ðŸ”¥âš™ ðŸ  => ðŸ”¥âš™ ðŸ”¥ðŸ 
ID_Day_Baked_Fish_Bullhead,ðŸŒž ðŸ”¥âš™ ðŸ¡ => ðŸ”¥âš™ ðŸ”¥ðŸ¡
ID_Day_Baked_Fish_Carp,ðŸŒž ðŸ”¥âš™ ðŸ¦€ => ðŸ”¥âš™ ðŸ”¥ðŸ¦€
ID_Day_Baked_Fish_Red_Mullet,ðŸŒž ðŸ”¥âš™ ðŸ¦ => ðŸ”¥âš™ ðŸ”¥ðŸ¦
ID_Day_Baked_Fish_Sturgeon,ðŸŒž ðŸ”¥âš™ ðŸ¦ˆ => ðŸ”¥âš™ ðŸ”¥ðŸ¦ˆ


ID_Grow_Parsnip, ðŸŒ±ðŸ’œ ðŸŸ§ðŸ•³ ðŸŒž âŽ =>ðŸŒ±ðŸ’œ ðŸŒ±ðŸ’œðŸŽ¯ ðŸŸ¨ðŸ•³
ID_Grow_Carrot, ðŸŒ±ðŸ¥• ðŸŸ§ðŸ•³ ðŸŒž âŽ =>ðŸŒ±ðŸ¥• ðŸŒ±ðŸ¥•ðŸŽ¯ ðŸŸ¨ðŸ•³
ID_Grow_Beetroot, ðŸŒ±â¤ ðŸŸ§ðŸ•³ ðŸŒž âŽ =>ðŸŒ±â¤ ðŸŒ±â¤ðŸŽ¯ ðŸŸ¨ðŸ•³
ID_Grow_Cabbage, ðŸŒ±ðŸ¥¬ ðŸŸ§ðŸ•³ ðŸŒž âŽ =>ðŸŒ±ðŸ¥¬ ðŸŒ±ðŸ¥¬ðŸŽ¯ ðŸŸ¨ðŸ•³
ID_Grow_Kale, ðŸŒ±ðŸ’š ðŸŸ§ðŸ•³ ðŸŒž âŽ =>ðŸŒ±ðŸ’š ðŸŒ±ðŸ’šðŸŽ¯ ðŸŸ¨ðŸ•³
ID_Grow_Cauliflower, ðŸŒ±ðŸ¤ ðŸŸ§ðŸ•³ ðŸŒž âŽ =>ðŸŒ±ðŸ¤ ðŸŒ±ðŸ¤ðŸŽ¯ ðŸŸ¨ðŸ•³
ID_Grow_Pumpkin, ðŸŒ±ðŸŽƒ ðŸŸ§ðŸ•³ ðŸŒž âŽ =>ðŸŒ±ðŸŽƒ ðŸŒ±ðŸŽƒðŸŽ¯ ðŸŸ¨ðŸ•³
ID_Grow_Potato, ðŸŒ±ðŸ¥” ðŸŸ§ðŸ•³ ðŸŒž âŽ =>ðŸŒ±ðŸ¥” ðŸŒ±ðŸ¥”ðŸŽ¯ ðŸŸ¨ðŸ•³
ID_Grow_Radish,ðŸŒ±ðŸ’ ðŸŸ§ðŸ•³ ðŸŒž âŽ => ðŸŒ±ðŸ’ ðŸŒ±ðŸ’ðŸŽ¯ ðŸŸ¨ðŸ•³
ID_Grow_Sunflower, ðŸŒ±ðŸŒ» ðŸŸ§ðŸ•³ ðŸŒž âŽ => ðŸŒ±ðŸŒ» ðŸŒ±ðŸŒ»ðŸŽ¯ ðŸŸ¨ðŸ•³
ID_Grow_Wheat, ðŸŒ±ðŸŒ¾ ðŸŸ§ðŸ•³ ðŸŒž âŽ => ðŸŒ±ðŸŒ¾ ðŸŒ±ðŸŒ¾ðŸŽ¯ ðŸŸ¨ðŸ•³

ID_Harvest_Parsnip,ðŸŒ±ðŸ’œ ðŸŒ±ðŸ’œðŸŽ¯2 => â™£ðŸ’œ
ID_Harvest_Carrot,ðŸŒ±ðŸ¥• ðŸŒ±ðŸ¥•ðŸŽ¯3 => â™£ðŸ¥•
ID_Harvest_Beetroot,ðŸŒ±â¤ ðŸŒ±â¤ðŸŽ¯4 => â™£â¤
ID_Harvest_Cabbage,ðŸŒ±ðŸ¥¬ ðŸŒ±ðŸ¥¬ðŸŽ¯3 => â™£ðŸ¥¬
ID_Harvest_Kale,ðŸŒ±ðŸ’š ðŸŒ±ðŸ’šðŸŽ¯4 => â™£ðŸ’š
ID_Harvest_Cauliflower,ðŸŒ±ðŸ¤ ðŸŒ±ðŸ¤ðŸŽ¯4 => â™£ðŸ¤
ID_Harvest_Pumpkin,ðŸŒ±ðŸŽƒ ðŸŒ±ðŸŽƒðŸŽ¯4 => â™£ðŸŽƒ
ID_Harvest_Potato,ðŸŒ±ðŸ¥” ðŸŒ±ðŸ¥”ðŸŽ¯3 => â™£ðŸ¥”
ID_Harvest_Radish,ðŸŒ±ðŸ’ ðŸŒ±ðŸ’ðŸŽ¯3 => â™£ðŸ’
ID_Harvest_Sunflower,ðŸŒ±ðŸŒ» ðŸŒ±ðŸŒ»ðŸŽ¯6 => â™£ðŸŒ»
ID_Harvest_Wheat,ðŸŒ±ðŸŒ¾ ðŸŒ±ðŸŒ¾ðŸŽ¯3 => â™£ðŸŒ¾

ID_Sell_Copper_Ore,ðŸ¥‰ => ðŸ’°10-25
ID_Sell_Iron_Ore,ðŸ¥ˆ => ðŸ’°20-40
ID_Sell_Gold_Ore,ðŸ¥‡ => ðŸ’°30-50
ID_Sell_Coal,ðŸ–¤ => ðŸ’°10-15


ID_Sell_Copper_Bar,ðŸ”²ðŸ¥‰ => ðŸ’°50-80
ID_Sell_Iron,ðŸ”²ðŸ¥ˆ => ðŸ’°70-120
ID_Sell_Gold,ðŸ”²ðŸ¥‡ => ðŸ’°100-200
ID_Sell_Glass,ðŸ¤ => ðŸ’°10-15
ID_Sell_Bread,ðŸž => ðŸ’°90-145
ID_Sell_Roasted_Meat,ðŸ”¥ðŸ¥© => ðŸ’°60-190
ID_Sell_Boiled_Egg,ðŸ”¥ðŸ¥š => ðŸ’°80-160

ID_Sell_Berry,ðŸ‡ => ðŸ’°5-10
ID_Sell_Orange,ðŸŠ => ðŸ’°5-10
ID_Sell_Apple,ðŸŽ => ðŸ’°5-10

ID_Sell_Berry_Juice,ðŸ§ƒðŸ‡ => ðŸ’°45-120
ID_Sell_Orange_Juice,ðŸ§ƒðŸŠ => ðŸ’°45-120
ID_Sell_Apple_Juice,ðŸ§ƒðŸŽ => ðŸ’°45-120

ID_Sell_Parsnip,â˜˜ðŸ’œ => ðŸ’°5-10
ID_Sell_Carrot,â˜˜ðŸ¥• => ðŸ’°6-12
ID_Sell_Beetroot,â˜˜â¤ => ðŸ’°10-18
ID_Sell_Cabbage,â˜˜ðŸ¥¬ => ðŸ’°8-15
ID_Sell_Kale,â˜˜ðŸ’š => ðŸ’°25-40
ID_Sell_Cauliflower,â˜˜ðŸ¤ => ðŸ’°25-40
ID_Sell_Pumpkin,â˜˜ðŸŽƒ => ðŸ’°40-80
ID_Sell_Potato,â˜˜ðŸ¥” => ðŸ’°4-10
ID_Sell_Radish,â˜˜ðŸ’ => ðŸ’°8-15
ID_Sell_Sunflower,â˜˜ðŸŒ» => ðŸ’°40-80
ID_Sell_Wheat,â˜˜ðŸŒ¾ => ðŸ’°8-12

ID_Sell_Preserves_Parsnip,ðŸ¥ƒðŸ’œ => ðŸ’°20-95
ID_Sell_Preserves_Carrot,ðŸ¥ƒðŸ¥• => ðŸ’°25-85
ID_Sell_Preserves_Beetroot,ðŸ¥ƒâ¤ => ðŸ’°35-95
ID_Sell_Preserves_Cabbage,ðŸ¥ƒðŸ¥¬ => ðŸ’°30-95
ID_Sell_Preserves_Kale,ðŸ¥ƒðŸ’š => ðŸ’°70-140
ID_Sell_Preserves_Cauliflower,ðŸ¥ƒðŸ¤ => ðŸ’°70-140
ID_Sell_Preserves_Pumpkin,ðŸ¥ƒðŸŽƒ => ðŸ’°90-190
ID_Sell_Preserves_Potato,ðŸ¥ƒðŸ¥” => ðŸ’°20-95
ID_Sell_Preserves_Radish,ðŸ¥ƒðŸ’ => ðŸ’°30-95
ID_Sell_Preserves_Sunflower,ðŸ¥ƒðŸŒ» => ðŸ’°30-95

ID_Sell_Sardine, ðŸŸ => ðŸ’°10-20
ID_Sell_Halibut, ðŸ  => ðŸ’°25-35
ID_Sell_Bullhead, ðŸ¡ => ðŸ’°40-50
ID_Sell_Carp, ðŸ¦€ => ðŸ’°55-65
ID_Sell_Red_Mullet, ðŸ¦ => ðŸ’°70-80
ID_Sell_Sturgeon, ðŸ¦ˆ => ðŸ’°90-95

ID_Sell_Preserves_Fish_Sardine,ðŸ¥ƒðŸŸ => ðŸ’°60-90
ID_Sell_Preserves_Fish_Halibut,ðŸ¥ƒðŸ  => ðŸ’°90-130
ID_Sell_Preserves_Fish_Bullhead,ðŸ¥ƒðŸ¡ => ðŸ’°110-150
ID_Sell_Preserves_Fish_Carp,ðŸ¥ƒðŸ¦€ => ðŸ’°150-180
ID_Sell_Preserves_Fish_Red_Mullet,ðŸ¥ƒðŸ¦ => ðŸ’°170-230
ID_Sell_Preserves_Fish_Sturgeon,ðŸ¥ƒðŸ¦ˆ => ðŸ’°200-300

ID_Sell_Baked_Fish_Sardine,ðŸ”¥ðŸŸ => ðŸ’°45-60
ID_Sell_Baked_Fish_Halibut,ðŸ”¥ðŸ  => ðŸ’°60-90
ID_Sell_Baked_Fish_Bullhead,ðŸ”¥ðŸ¡ => ðŸ’°80-120
ID_Sell_Baked_Fish_Carp,ðŸ”¥ðŸ¦€ => ðŸ’°100-150
ID_Sell_Baked_Fish_Red_Mullet,ðŸ”¥ðŸ¦ => ðŸ’°120-160
ID_Sell_Baked_Fish_Sturgeon,ðŸ”¥ðŸ¦ˆ => ðŸ’°150-210

ID_Sell_Honey,ðŸ¯ => ðŸ’°20-45
ID_Sell_Milk,ðŸ¥› => ðŸ’°60-90
ID_Sell_Cheese,ðŸ§€ => ðŸ’°90-180
ID_Sell_Wool,ðŸ‘ => ðŸ’°40-60
ID_Sell_Cloth,ðŸ‘• => ðŸ’°70-160
ID_Sell_Flour,ðŸ¥ƒðŸŒ¾ => ðŸ’°30-55
ID_Sell_Egg,ðŸ¥š => ðŸ’°40-75
ID_Sell_Mayonaise,ðŸ¥ƒðŸ¥š => ðŸ’°75-160
ID_Sell_Meat,ðŸ¥© => ðŸ’°25-80
ID_Sell_Fertilizer,ðŸ’© => ðŸ’°3-5
ID_Sell_Truffle,ðŸ„ => ðŸ’°50-90
ID_Sell_Hide,ðŸ® => ðŸ’°30-45
ID_Sell_Leather,ðŸ‘ž => ðŸ’°80-150
ID_Sell_Feather,ðŸ‚ => ðŸ’°60-90

ID_Sell_Sand, âŒ› => ðŸ’°1-2
ID_Sell_Jar, ðŸ¥ƒ => ðŸ’°10-20
ID_Sell_Bottle, ðŸ¼ => ðŸ’°10-20
ID_Sell_Wood, ðŸ¤Ž => ðŸ’°15-20
ID_Sell_Grass, ðŸŒ¿ => ðŸ’°15-25
ID_Sell_Stone, ðŸ¥Œ => ðŸ’°15-25


ID_Sell_Cow, ðŸ„ => ðŸ’°200
ID_Sell_Chicken, ðŸ” => ðŸ’°200
ID_Sell_Sheep, ðŸ‘ => ðŸ’°200
ID_Sell_Pig, ðŸ– => ðŸ’°200

ID_Feed_Cow_Wheat, ðŸŒž ðŸ„ â˜˜ðŸŒ¾ => ðŸ„ ðŸ¥›
ID_Feed_Cow_Kale, ðŸŒž ðŸ„ â˜˜ðŸ¥¬ => ðŸ„ ðŸ¥›
ID_Feed_Cow_Radish, ðŸŒž ðŸ„ â˜˜ðŸ’ => ðŸ„ ðŸ¥›

ID_Feed_Chicken_Carrot, ðŸŒž ðŸ” â˜˜ðŸ¥• => ðŸ” ðŸ¥š
ID_Feed_Chicken_Parsnip, ðŸŒž ðŸ” â˜˜ðŸ’œ => ðŸ” ðŸ¥š
ID_Feed_Chicken_Cauliflower, ðŸŒž ðŸ” â˜˜ðŸ¥¦ => ðŸ” ðŸ¥š

ID_Feed_Sheep_Wheat, ðŸŒž ðŸ‘ â˜˜ðŸŒ¾ => ðŸ‘ ðŸ
ID_Feed_Sheep_Parsnip, ðŸŒž ðŸ‘ â˜˜ðŸ’œ => ðŸ‘ ðŸ
ID_Feed_Sheep_Carrot, ðŸŒž ðŸ‘ â˜˜ðŸ¥• => ðŸ‘ ðŸ

ID_Feed_Pig_Potato, ðŸŒž ðŸ– â˜˜ðŸ¥” => ðŸ– ðŸ’©0-2 ðŸ„
ID_Feed_Pig_Pumpkin, ðŸŒž ðŸ– â˜˜ðŸŽƒ => ðŸ– ðŸ’©0-2 ðŸ„
ID_Feed_Pig_Radish, ðŸŒž ðŸ– â˜˜ðŸ’ => ðŸ– ðŸ’©0-2 ðŸ„

ID_Butcher_Cow, ðŸ„ => ðŸ¥© ðŸ®
ID_Butcher_Chicken, ðŸ” => ðŸ¥© ðŸ‚
ID_Butcher_Sheep, ðŸ‘ => ðŸ¥©
ID_Butcher_Pig, ðŸ– => ðŸ¥©


ID_Buy_Parsnip_Seed,ðŸŒ±ðŸ’œðŸ’³ ðŸ’°15 => ðŸŒ±ðŸ’œ
ID_Buy_Carrot_Seed,ðŸŒ±ðŸ¥•ðŸ’³ ðŸ’°15 => ðŸŒ±ðŸ¥•
ID_Buy_Beetroot_Seed,ðŸŒ±â¤ðŸ’³ ðŸ’°20 => ðŸŒ±â¤
ID_Buy_Cabbage_Seed,ðŸŒ±ðŸ¥¬ðŸ’³ ðŸ’°20 => ðŸŒ±ðŸ¥¬
ID_Buy_Kale_Seed,ðŸŒ±ðŸ’šðŸ’³ ðŸ’°30 => ðŸŒ±ðŸ’š
ID_Buy_Cauliflower_Seed,ðŸŒ±ðŸ¤ðŸ’³ ðŸ’°30 => ðŸŒ±ðŸ¤
ID_Buy_Pumpkin_Seed,ðŸŒ±ðŸŽƒðŸ’³ ðŸ’°25 => ðŸŒ±ðŸŽƒ
ID_Buy_Potato_Seed,ðŸŒ±ðŸ¥”ðŸ’³ ðŸ’°15 => ðŸŒ±ðŸ¥”
ID_Buy_Radish_Seed,ðŸŒ±ðŸ’ðŸ’³ ðŸ’°15 => ðŸŒ±ðŸ’
ID_Buy_Sunflower_Seed,ðŸŒ±ðŸŒ»ðŸ’³ ðŸ’°30 => ðŸŒ±ðŸŒ»
ID_Buy_Wheat_Seed,ðŸŒ±ðŸŒ¾ðŸ’³ ðŸ’°15 => ðŸŒ±ðŸŒ¾
ID_Buy_Wood,ðŸ¤ŽðŸ’³ ðŸ’°30 => ðŸ¤Ž
ID_Buy_Stone,ðŸ¥ŒðŸ’³ ðŸ’°40 => ðŸ¥Œ

ID_Buy_Cow,ðŸ„ðŸ’³ ðŸ’°200 => ðŸ„
ID_Buy_Chicken,ðŸ”ðŸ’³ ðŸ’°200 => ðŸ”
ID_Buy_Sheep,ðŸ‘ðŸ’³ ðŸ’°200 => ðŸ‘
ID_Buy_Pig,ðŸ–ðŸ’³ ðŸ’°200 => ðŸ–


ID_Stock_Item, ðŸ’³ => ðŸŒ±ðŸ’œðŸ’³% ðŸŒ±ðŸ¥•ðŸ’³% ðŸŒ±â¤ðŸ’³% ðŸŒ±ðŸ¥¬ðŸ’³% ðŸŒ±ðŸ’šðŸ’³% ðŸŒ±ðŸ¤ðŸ’³% ðŸŒ±ðŸŽƒðŸ’³% ðŸŒ±ðŸ¥”ðŸ’³% ðŸŒ±ðŸ’ðŸ’³% ðŸŒ±ðŸŒ»ðŸ’³% ðŸŒ±ðŸŒ¾ðŸ’³% ðŸ¤ŽðŸ’³% ðŸ¥ŒðŸ’³%
ID_Shop_Reroll,ðŸ’°100 ðŸŒ±ðŸ’œðŸ’³X ðŸŒ±ðŸ¥•ðŸ’³X ðŸŒ±â¤ðŸ’³X ðŸŒ±ðŸ¥¬ðŸ’³X ðŸŒ±ðŸ’šðŸ’³X ðŸŒ±ðŸ¤ðŸ’³X ðŸŒ±ðŸŽƒðŸ’³X ðŸŒ±ðŸ¥”ðŸ’³X ðŸŒ±ðŸ’ðŸ’³X ðŸŒ±ðŸŒ»ðŸ’³X ðŸŒ±ðŸŒ¾ðŸ’³X ðŸ¤ŽðŸ’³X ðŸ¥ŒðŸ’³X ðŸ–¤ðŸ’³X ðŸ¥‰ðŸ’³X ðŸ¥ˆðŸ’³X ðŸ¥‡ðŸ’³X ðŸ„ðŸ’³X ðŸ”ðŸ’³X ðŸ‘ðŸ’³X ðŸ–ðŸ’³X => ðŸ›’

ID_Feat_Roll,â­ðŸŽ² ðŸ’³â­ðŸ’ªX ðŸ’³â­ðŸŽX ðŸ’³â­â›X ðŸ’³â­ðŸ„X ðŸ’³â­ðŸ™†â€â™‚ï¸X ðŸ’³â­X â­X => ðŸ’³â­3 â­
ID_Feat_Stock,ðŸ’³â­ => ðŸ’³â­ðŸ’ª%20 ðŸ’³â­ðŸŽ%20 ðŸ’³â­â›%20 ðŸ’³â­ðŸ„%20 ðŸ’³â­ðŸ™†â€â™‚ï¸%20

ID_Buy_Feat_Steroids,ðŸ’³â­ðŸ’ª ðŸ’³â­ðŸŽX ðŸ’³â­â›X ðŸ’³â­ðŸ„X ðŸ’³â­ðŸ™†â€â™‚ï¸X â­X ðŸ’³â­X => â­ðŸ’ª
ID_Buy_Feat_Fruit_Expert,ðŸ’³â­ðŸŽ ðŸ’³â­ðŸ’ªX ðŸ’³â­â›X ðŸ’³â­ðŸ„X ðŸ’³â­ðŸ™†â€â™‚ï¸X â­X ðŸ’³â­X => â­ðŸŽ
ID_Buy_Feat_Miner,ðŸ’³â­â› ðŸ’³â­ðŸ’ªX ðŸ’³â­ðŸŽX ðŸ’³â­ðŸ„X ðŸ’³â­ðŸ™†â€â™‚ï¸X â­X ðŸ’³â­X => â­â›
ID_Buy_Feat_Animal_Lover,ðŸ’³â­ðŸ„ ðŸ’³â­ðŸ’ªX ðŸ’³â­ðŸŽX ðŸ’³â­â›X ðŸ’³â­ðŸ™†â€â™‚ï¸X â­X ðŸ’³â­X => â­ðŸ„
ID_Buy_Feat_Muscle_Head,ðŸ’³â­ðŸ™†â€â™‚ï¸ ðŸ’³â­ðŸ’ªX ðŸ’³â­ðŸŽX ðŸ’³â­â›X ðŸ’³â­ðŸ„X â­X ðŸ’³â­X => â­ðŸ™†â€â™‚ï¸

ID_Feat_Fruit_Expert, â­ðŸŽ ðŸ›’ => â­ðŸŽ ðŸ’³16-160
ID_Feat_Fruit_Expert_Sell_Berry,â­ðŸŽ ðŸ‡ => â­ðŸŽ ðŸ’°10-20
ID_Feat_Fruit_Expert_Sell_Orange,â­ðŸŽ ðŸŠ => â­ðŸŽ ðŸ’°10-20
ID_Feat_Fruit_Expert_Sell_Apple,â­ðŸŽ ðŸŽ => â­ðŸŽ ðŸ’°10-20

ID_Feat_Lazy_Miner, â­â› ðŸ›’ => â­â› ðŸ’³16-160
ID_Feat_Lazy_Miner_Stock_Item, â­â› ðŸ’³ =>â­â› ðŸŒ±ðŸ’œðŸ’³% ðŸŒ±ðŸ¥•ðŸ’³% ðŸŒ±â¤ðŸ’³% ðŸŒ±ðŸ¥¬ðŸ’³% ðŸŒ±ðŸ’šðŸ’³% ðŸŒ±ðŸ¤ðŸ’³% ðŸŒ±ðŸŽƒðŸ’³% ðŸŒ±ðŸ¥”ðŸ’³% ðŸŒ±ðŸ’ðŸ’³% ðŸŒ±ðŸŒ»ðŸ’³% ðŸŒ±ðŸŒ¾ðŸ’³% ðŸ¤ŽðŸ’³% ðŸ¥ŒðŸ’³% ðŸ–¤ðŸ’³% ðŸ¥‰ðŸ’³% ðŸ¥ˆðŸ’³% ðŸ¥‡ðŸ’³% 

ID_Feat_Animal_Lover, â­ðŸ„ ðŸ›’ => â­ðŸ„ ðŸ’³16-160
ID_Feat_Animal_Lover_Stock_Item, â­ðŸ„ ðŸ’³ => â­ðŸ„ ðŸŒ±ðŸ’œðŸ’³% ðŸŒ±ðŸ¥•ðŸ’³% ðŸŒ±â¤ðŸ’³% ðŸŒ±ðŸ¥¬ðŸ’³% ðŸŒ±ðŸ’šðŸ’³% ðŸŒ±ðŸ¤ðŸ’³% ðŸŒ±ðŸŽƒðŸ’³% ðŸŒ±ðŸ¥”ðŸ’³% ðŸŒ±ðŸ’ðŸ’³% ðŸŒ±ðŸŒ»ðŸ’³% ðŸŒ±ðŸŒ¾ðŸ’³% ðŸ¤ŽðŸ’³% ðŸ¥ŒðŸ’³% ðŸ„ðŸ’³% ðŸ”ðŸ’³% ðŸ‘ðŸ’³% ðŸ–ðŸ’³%

ID_Feat_Steroids_Harvest_Parsnip, ðŸŒ±ðŸ’œðŸŽ¯ â­ðŸ’ª => â™£ðŸ’œ â­ðŸ’ª
ID_Feat_Steroids_Harvest_Carrot, ðŸŒ±ðŸ¥•ðŸŽ¯2 â­ðŸ’ª => â™£ðŸ¥• â­ðŸ’ª
ID_Feat_Steroids_Harvest_Beetroot, ðŸŒ±â¤ðŸŽ¯3 â­ðŸ’ª => â™£â¤ â­ðŸ’ª
ID_Feat_Steroids_Harvest_Cabbage, ðŸŒ±ðŸ¥¬ðŸŽ¯2 â­ðŸ’ª => â™£ðŸ¥¬ â­ðŸ’ª
ID_Feat_Steroids_Harvest_Kale, ðŸŒ±ðŸ’šðŸŽ¯3 â­ðŸ’ª => â™£ðŸ’š â­ðŸ’ª
ID_Feat_Steroids_Harvest_Cauliflower, ðŸŒ±ðŸ¤ðŸŽ¯3 â­ðŸ’ª => â™£ðŸ¤ â­ðŸ’ª
ID_Feat_Steroids_Harvest_Pumpkin, ðŸŒ±ðŸŽƒðŸŽ¯3 â­ðŸ’ª => â™£ðŸŽƒ â­ðŸ’ª
ID_Feat_Steroids_Harvest_Potato, ðŸŒ±ðŸ¥”ðŸŽ¯2 â­ðŸ’ª => â™£ðŸ¥” â­ðŸ’ª
ID_Feat_Steroids_Harvest_Radish, ðŸŒ±ðŸ’ðŸŽ¯2 â­ðŸ’ª => â™£ðŸ’ â­ðŸ’ª
ID_Feat_Steroids_Harvest_Sunflower, ðŸŒ±ðŸŒ»ðŸŽ¯5 â­ðŸ’ª => â™£ðŸŒ» â­ðŸ’ª
ID_Feat_Steroids_Harvest_Wheat, ðŸŒ±ðŸŒ¾ðŸŽ¯2 â­ðŸ’ª => â™£ðŸŒ¾ â­ðŸ’ª

ID_Feat_Muscle_Head, â­ðŸ™†â€â™‚ï¸ ðŸŒž => â­ðŸ™†â€â™‚ï¸ ðŸ’§100

ID_Feat_Triple_Upgrade_2_Sell_Parsnip,â­3ï¸âƒ£ â˜˜ðŸ’œ => â­3ï¸âƒ£ ðŸ’°20-40
ID_Feat_Triple_Upgrade_2_Sell_Kale,â­3ï¸âƒ£ â˜˜ðŸ’š => â­3ï¸âƒ£ ðŸ’°100-160
ID_Feat_Triple_Upgrade_2_Sell_Cauliflower,â­3ï¸âƒ£ â˜˜ðŸ¤ => â­3ï¸âƒ£ ðŸ’°100-160

ID_Feat_Wheat_Heart_Sell_Wheat,â­ðŸŒ¾ â˜˜ðŸŒ¾ =>â­ðŸŒ¾ ðŸ’°12-18
ID_Feat_Wheat_Heart_Sell_Flour,â­ðŸŒ¾ ðŸ¥ƒðŸŒ¾ =>â­ðŸŒ¾ ðŸ’°45-78
ID_Feat_Wheat_Heart_Sell_Bread,â­ðŸŒ¾ ðŸž =>â­ðŸŒ¾ ðŸ’°135-218


ID_Feat_Performance_Chop_Axe,â­ðŸ’§ ðŸª“ ðŸ’§3 =>â­ðŸ’§ ðŸª“ðŸŽ¯
ID_Feat_Performance_Chop_Axe_Copper,â­ðŸ’§ ðŸª“ðŸ¥‰ ðŸ’§2 =>â­ðŸ’§ ðŸª“ðŸŽ¯
ID_Feat_Performance_Chop_Axe_Iron,â­ðŸ’§ ðŸª“ðŸ¥ˆ ðŸ’§ =>â­ðŸ’§ ðŸª“ðŸŽ¯
ID_Feat_Performance_Pick_Pickaxe,â­ðŸ’§ â­ðŸ’§ â› ðŸ’§4 =>â­ðŸ’§ â›ðŸŽ¯
ID_Feat_Performance_Pick_Pickaxe_Copper,â­ðŸ’§ â›ðŸ¥‰ ðŸ’§3 =>â­ðŸ’§ â›ðŸŽ¯
ID_Feat_Performance_Pick_Pickaxe_Iron,â­ðŸ’§ â›ðŸ¥ˆ ðŸ’§2 =>â­ðŸ’§ â›ðŸŽ¯
ID_Feat_Performance_Pick_Pickaxe_Gold,â­ðŸ’§ â›ðŸ¥‡ ðŸ’§ =>â­ðŸ’§ â›ðŸŽ¯
ID_Feat_Performance_Hoe_Grass,â­ðŸ’§ ðŸŸ© ðŸ”° ðŸ’§ =>â­ðŸ’§ ðŸŸ¨ ðŸ”°ðŸŽ¯
ID_Feat_Performance_Hoe_Grass_Copper,â­ðŸ’§ ðŸŸ©3 ðŸ”°ðŸ¥‰ ðŸ’§ =>â­ðŸ’§ ðŸŸ¨3 ðŸ”°ðŸŽ¯3
ID_Feat_Performance_Hoe_Grass_Iron,â­ðŸ’§ ðŸŸ©6 ðŸ”°ðŸ¥ˆ ðŸ’§ =>â­ðŸ’§ ðŸŸ¨6 ðŸ”°ðŸŽ¯6
ID_Feat_Performance_Hoe_Grass_Gold,â­ðŸ’§ ðŸŸ©9 ðŸ”°ðŸ¥‡ ðŸ’§ =>â­ðŸ’§ ðŸŸ¨9 ðŸ”°ðŸŽ¯9
ID_Feat_Performance_Shovel_Dirt,â­ðŸ’§ ðŸŸ¨ â™  ðŸ’§ =>â­ðŸ’§ ðŸ•³ â™ ðŸŽ¯
ID_Feat_Performance_Shovel_Dirt_Copper,â­ðŸ’§ ðŸŸ¨3 â™ ðŸ¥‰ ðŸ’§2 =>â­ðŸ’§ ðŸ•³3 â™ ðŸŽ¯3
ID_Feat_Performance_Shovel_Dirt_Gold,â­ðŸ’§ ðŸŸ¨9 â™ ðŸ¥‡ ðŸ’§ =>â­ðŸ’§ ðŸ•³9 â™ ðŸŽ¯9
ID_Feat_Performance_Water_Dirt_Iron,â­ðŸ’§ ðŸŸ¨6 ðŸš¿ðŸ¥ˆ ðŸ’§ =>â­ðŸ’§ ðŸŸ§6 ðŸš¿ðŸ¥ˆ
ID_Feat_Performance_Water_Dirt_Gold,â­ðŸ’§ ðŸŸ¨9 ðŸš¿ðŸ¥‡ ðŸ’§2 =>â­ðŸ’§ ðŸŸ§9 ðŸš¿ðŸ¥‡
ID_Feat_Performance_Water_Hole_Iron,â­ðŸ’§ ðŸ•³6 ðŸš¿ðŸ¥ˆ ðŸ’§ =>â­ðŸ’§ ðŸŸ§ðŸ•³6 ðŸš¿ðŸ¥ˆ
ID_Feat_Performance_Water_Hole_Gold,â­ðŸ’§ ðŸ•³9 ðŸš¿ðŸ¥‡ ðŸ’§2 =>â­ðŸ’§ ðŸŸ§ðŸ•³9 ðŸš¿ðŸ¥‡
ID_Feat_Performance_Rod_Fish,â­ðŸ’§ ðŸŸ¦ ðŸŽ£ ðŸ’§3 =>â­ðŸ’§ ðŸŸ¦ ðŸŽ£ðŸŽ¯
ID_Feat_Performance_Rod_Fish_Copper,â­ðŸ’§ ðŸŸ¦3 ðŸŽ£ðŸ¥‰ ðŸ’§5 =>â­ðŸ’§ ðŸŸ¦3 ðŸŽ£ðŸŽ¯3
ID_Feat_Performance_Rod_Fish_Iron,â­ðŸ’§ ðŸŸ¦6 ðŸŽ£ðŸ¥ˆ ðŸ’§2 =>â­ðŸ’§ ðŸŸ¦6 ðŸŽ£ðŸŽ¯6
ID_Feat_Performance_Rod_Fish_Gold,â­ðŸ’§ ðŸŸ¦9 ðŸŽ£ðŸ¥‡ ðŸ’§4 =>â­ðŸ’§ ðŸŸ¦9 ðŸŽ£ðŸŽ¯9
ID_Feat_Performance_Hammer_Hit,â­ðŸ’§ ðŸ”¨ ðŸ’§7 =>â­ðŸ’§ ðŸ”¨ðŸŽ¯
ID_Feat_Performance_Hammer_Hit_Copper,â­ðŸ’§ ðŸ”¨ðŸ¥‰ ðŸ’§5 =>â­ðŸ’§ ðŸ”¨ðŸŽ¯
ID_Feat_Performance_Hammer_Hit_Iron,â­ðŸ’§ ðŸ”¨ðŸ¥ˆ ðŸ’§3 =>â­ðŸ’§ ðŸ”¨ðŸŽ¯
ID_Feat_Performance_Hammer_Hit_Gold,â­ðŸ’§ ðŸ”¨ðŸ¥‡ ðŸ’§ =>â­ðŸ’§ ðŸ”¨ðŸŽ¯

ID_Example_C â­ðŸŽ => â­ðŸ’ª | â­ðŸŽ | â­â› | â­ðŸ„ | â­ðŸ™†â€â™‚ï¸ | â­ðŸ“
 â­ðŸ“ => â­ðŸ’ª | â­ðŸŽ | â­â› | â­ðŸ„ | â­ðŸ™†â€â™‚ï¸ | â­ðŸ“ | â­ðŸ›
ID_Example_Complex_Formula_2, â˜¯ => â˜¯0-Ïƒ-10% âœ¡123%